name,참여,비참여
GOT7,22.22222222222222,77.77777777777779
BTS,69.19254658385093,30.80745341614907
EXO,1.8691588785046727,98.13084112149532
